Hugo_Symbol,Chromosome,Start_Position,End_Position,Reference_Allele,Tumor_Seq_Allele2,Variant_Classification,Variant_Type,Tumor_Sample_Barcode,HGVSc,HGVSp_Short,Protein_position,t_depth,t_ref_count,t_alt_count,source_file,Tumor_VAF
BRAF,chr7,140753336,140753336,A,T,Missense_Mutation,SNP,TCGA-EB-A5SE-01A-11D-A30X-08,c.1919T>A,p.V640E,640/806,163,41,121,4ea04f40-1608-49e6-925a-985ab6f6e863.wxs.aliquot_ensemble_masked.maf.gz,0.7423312883435583
BRAF,chr7,140753336,140753336,A,T,Missense_Mutation,SNP,TCGA-EB-A6R0-01A-12D-A32N-08,c.1919T>A,p.V640E,640/806,147,71,76,cde3c357-75fe-4f83-a1e8-a55c0dad563d.wxs.aliquot_ensemble_masked.maf.gz,0.5170068027210885
BRAF,chr7,140753337,140753337,C,T,Missense_Mutation,SNP,TCGA-EB-A6R0-01A-12D-A32N-08,c.1918G>A,p.V640M,640/806,148,72,76,cde3c357-75fe-4f83-a1e8-a55c0dad563d.wxs.aliquot_ensemble_masked.maf.gz,0.5135135135135135
PTEN,chr10,87957916,87957917,-,AC,Frame_Shift_Ins,INS,TCGA-EB-A6R0-01A-12D-A32N-08,c.699_700dup,p.R234Hfs*23,233/403,116,59,57,cde3c357-75fe-4f83-a1e8-a55c0dad563d.wxs.aliquot_ensemble_masked.maf.gz,0.49137931034482757
JAK2,chr9,5054784,5054784,C,T,Missense_Mutation,SNP,TCGA-Z2-A8RT-06A-11D-A372-08,c.836C>T,p.P279L,279/1132,57,18,39,fca6b0cb-c82f-47ee-ae92-7666680c66c8.wxs.aliquot_ensemble_masked.maf.gz,0.6842105263157895
CDKN2A,chr9,21971187,21971187,G,A,Nonsense_Mutation,SNP,TCGA-Z2-A8RT-06A-11D-A372-08,c.172C>T,p.R58*,58/156,13,5,8,fca6b0cb-c82f-47ee-ae92-7666680c66c8.wxs.aliquot_ensemble_masked.maf.gz,0.6153846153846154
TP53,chr17,7674886,7674886,A,C,Missense_Mutation,SNP,TCGA-Z2-A8RT-06A-11D-A372-08,c.645T>G,p.S215R,215/393,55,34,20,fca6b0cb-c82f-47ee-ae92-7666680c66c8.wxs.aliquot_ensemble_masked.maf.gz,0.36363636363636365
TP53,chr17,7674894,7674894,G,A,Nonsense_Mutation,SNP,TCGA-Z2-A8RT-06A-11D-A372-08,c.637C>T,p.R213*,213/393,58,40,18,fca6b0cb-c82f-47ee-ae92-7666680c66c8.wxs.aliquot_ensemble_masked.maf.gz,0.3103448275862069
BRAF,chr7,140753336,140753336,A,T,Missense_Mutation,SNP,TCGA-ER-A19K-01A-21D-A197-08,c.1919T>A,p.V640E,640/806,80,39,41,ee1cf887-53f6-4874-bfb8-3b58bf61af97.wxs.aliquot_ensemble_masked.maf.gz,0.5125
BRAF,chr7,140753337,140753337,C,T,Missense_Mutation,SNP,TCGA-ER-A19K-01A-21D-A197-08,c.1918G>A,p.V640M,640/806,79,37,41,ee1cf887-53f6-4874-bfb8-3b58bf61af97.wxs.aliquot_ensemble_masked.maf.gz,0.5189873417721519
NRAS,chr1,114713909,114713909,G,T,Missense_Mutation,SNP,TCGA-EE-A17X-06A-11D-A197-08,c.181C>A,p.Q61K,61/189,175,20,154,4cc70382-3d73-4e0d-bc93-c00ccc68528a.wxs.aliquot_ensemble_masked.maf.gz,0.88
NF1,chr17,31156068,31156068,A,T,Missense_Mutation,SNP,TCGA-EE-A17X-06A-11D-A197-08,c.146A>T,p.Y49F,49/2839,61,43,18,4cc70382-3d73-4e0d-bc93-c00ccc68528a.wxs.aliquot_ensemble_masked.maf.gz,0.29508196721311475
NF1,chr17,31156069,31156069,C,T,Silent,SNP,TCGA-EE-A17X-06A-11D-A197-08,c.147C>T,p.Y49=,49/2839,63,43,20,4cc70382-3d73-4e0d-bc93-c00ccc68528a.wxs.aliquot_ensemble_masked.maf.gz,0.31746031746031744
NRAS,chr1,114713909,114713909,G,T,Missense_Mutation,SNP,TCGA-3N-A9WB-06A-11D-A38G-08,c.181C>A,p.Q61K,61/189,215,42,173,24b3f2a9-c617-4a2b-8ab4-89c454e6609a.wxs.aliquot_ensemble_masked.maf.gz,0.8046511627906977
BRAF,chr7,140734725,140734725,G,A,Missense_Mutation,SNP,TCGA-3N-A9WB-06A-11D-A38G-08,c.2293C>T,p.H765Y,765/806,107,56,51,24b3f2a9-c617-4a2b-8ab4-89c454e6609a.wxs.aliquot_ensemble_masked.maf.gz,0.4766355140186916
BRAF,chr7,140753336,140753336,A,T,Missense_Mutation,SNP,TCGA-FW-A5DX-01A-11D-A27K-08,c.1919T>A,p.V640E,640/806,158,73,85,1d2b3440-a704-4250-9914-ed9522af9000.wxs.aliquot_ensemble_masked.maf.gz,0.5379746835443038
BRAF,chr7,140753334,140753334,T,C,Missense_Mutation,SNP,TCGA-EB-A24D-01A-11D-A197-08,c.1921A>G,p.K641E,641/806,120,58,61,ea67a27a-fb82-4a9a-b5e1-ee0e416d4158.wxs.aliquot_ensemble_masked.maf.gz,0.5083333333333333
BRAF,chr7,140801537,140801537,T,G,Missense_Mutation,SNP,TCGA-EB-A24D-01A-11D-A197-08,c.735A>C,p.L245F,245/806,35,18,17,ea67a27a-fb82-4a9a-b5e1-ee0e416d4158.wxs.aliquot_ensemble_masked.maf.gz,0.4857142857142857
BRAF,chr7,140753336,140753336,A,T,Missense_Mutation,SNP,TCGA-EB-A550-01A-61D-A27K-08,c.1919T>A,p.V640E,640/806,86,60,26,7567b67f-cdc4-41a4-a7ac-ec53083d20f6.wxs.aliquot_ensemble_masked.maf.gz,0.3023255813953488
NRAS,chr1,114713908,114713908,T,C,Missense_Mutation,SNP,TCGA-D9-A3Z4-01A-11D-A23B-08,c.182A>G,p.Q61R,61/189,246,51,194,710177b9-f801-4d84-8576-1e4c2d5ed480.wxs.aliquot_ensemble_masked.maf.gz,0.7886178861788617
NRAS,chr1,114713908,114713908,T,C,Missense_Mutation,SNP,TCGA-ER-A2NB-01A-12D-A196-08,c.182A>G,p.Q61R,61/189,175,96,78,8628980b-73e2-4de1-9574-5f87809fe24d.wxs.aliquot_ensemble_masked.maf.gz,0.44571428571428573
B2M,chr15,44711547,44711547,A,T,Translation_Start_Site,SNP,TCGA-ER-A2NB-01A-12D-A196-08,c.1A>T,p.M1?,1/119,59,42,17,8628980b-73e2-4de1-9574-5f87809fe24d.wxs.aliquot_ensemble_masked.maf.gz,0.288135593220339
NRAS,chr1,114713908,114713908,T,C,Missense_Mutation,SNP,TCGA-EB-A5VU-01A-21D-A32N-08,c.182A>G,p.Q61R,61/189,479,97,382,c09fe46c-8660-4fa2-9e8e-063af70f9c90.wxs.aliquot_ensemble_masked.maf.gz,0.7974947807933194
BRAF,chr7,140753336,140753336,A,T,Missense_Mutation,SNP,TCGA-EB-A6QY-01A-12D-A32N-08,c.1919T>A,p.V640E,640/806,160,100,60,1d579634-137f-4f7e-b889-2cd3e035ef7d.wxs.aliquot_ensemble_masked.maf.gz,0.375
BRAF,chr7,140753337,140753337,C,T,Missense_Mutation,SNP,TCGA-EB-A6QY-01A-12D-A32N-08,c.1918G>A,p.V640M,640/806,159,100,59,1d579634-137f-4f7e-b889-2cd3e035ef7d.wxs.aliquot_ensemble_masked.maf.gz,0.3710691823899371
BRAF,chr7,140753336,140753336,A,T,Missense_Mutation,SNP,TCGA-BF-AAP6-01A-11D-A401-08,c.1919T>A,p.V640E,640/806,93,37,56,c39430f0-38c1-4f83-9d35-ba3cff783f01.wxs.aliquot_ensemble_masked.maf.gz,0.6021505376344086
PTEN,chr10,87957942,87957942,G,-,Frame_Shift_Del,DEL,TCGA-BF-AAP6-01A-11D-A401-08,c.724del,p.E242Sfs*14,242/403,62,28,34,c39430f0-38c1-4f83-9d35-ba3cff783f01.wxs.aliquot_ensemble_masked.maf.gz,0.5483870967741935
BRAF,chr7,140753336,140753336,A,T,Missense_Mutation,SNP,TCGA-FR-A728-01A-11D-A32N-08,c.1919T>A,p.V640E,640/806,113,93,20,7731e90a-7a34-40d3-991f-ec5e19d2d5a8.wxs.aliquot_ensemble_masked.maf.gz,0.17699115044247787
BRAF,chr7,140753336,140753336,A,T,Missense_Mutation,SNP,TCGA-ER-A19M-06A-61D-A23B-08,c.1919T>A,p.V640E,640/806,66,46,20,25a296b9-b371-40cf-a256-7a623f089a4f.wxs.aliquot_ensemble_masked.maf.gz,0.30303030303030304
CDKN2A,chr9,21971111,21971111,T,C,Missense_Mutation,SNP,TCGA-D9-A1X3-06A-11D-A197-08,c.248A>G,p.H83R,83/156,88,8,80,5dcc88af-fef0-4313-b747-46ecbba90981.wxs.aliquot_ensemble_masked.maf.gz,0.9090909090909091
BRAF,chr7,140753336,140753336,A,T,Missense_Mutation,SNP,TCGA-EB-A299-01A-21D-A197-08,c.1919T>A,p.V640E,640/806,92,35,57,fe4141b2-ce86-4708-a52e-e8a47ce2ae71.wxs.aliquot_ensemble_masked.maf.gz,0.6195652173913043
TP53,chr17,7674221,7674221,G,A,Missense_Mutation,SNP,TCGA-EB-A299-01A-21D-A197-08,c.742C>T,p.R248W,248/393,68,53,15,fe4141b2-ce86-4708-a52e-e8a47ce2ae71.wxs.aliquot_ensemble_masked.maf.gz,0.22058823529411764
TP53,chr17,7674222,7674222,G,A,Silent,SNP,TCGA-EB-A299-01A-21D-A197-08,c.741C>T,p.N247=,247/393,74,57,17,fe4141b2-ce86-4708-a52e-e8a47ce2ae71.wxs.aliquot_ensemble_masked.maf.gz,0.22972972972972974
KIT,chr4,54729341,54729341,C,T,Missense_Mutation,SNP,TCGA-FR-A726-01A-11D-A32N-08,c.1997C>T,p.T666I,666/976,122,83,38,b5fb4b84-e4a4-4800-98e6-fa4b375e2c27.wxs.aliquot_ensemble_masked.maf.gz,0.3114754098360656
KIT,chr4,54738461,54738461,C,T,Silent,SNP,TCGA-FR-A726-01A-11D-A32N-08,c.2835C>T,p.N945=,945/976,187,142,44,b5fb4b84-e4a4-4800-98e6-fa4b375e2c27.wxs.aliquot_ensemble_masked.maf.gz,0.23529411764705882
BRAF,chr7,140754229,140754229,A,G,Silent,SNP,TCGA-FR-A726-01A-11D-A32N-08,c.1819T>C,p.L607=,607/806,163,148,15,b5fb4b84-e4a4-4800-98e6-fa4b375e2c27.wxs.aliquot_ensemble_masked.maf.gz,0.09202453987730061
NF1,chr17,31226483,31226483,C,T,Nonsense_Mutation,SNP,TCGA-FR-A726-01A-11D-A32N-08,c.2050C>T,p.Q684*,684/2839,91,65,26,b5fb4b84-e4a4-4800-98e6-fa4b375e2c27.wxs.aliquot_ensemble_masked.maf.gz,0.2857142857142857
NF1,chr17,31327673,31327673,C,T,Nonsense_Mutation,SNP,TCGA-FR-A726-01A-11D-A32N-08,c.5443C>T,p.Q1815*,1815/2839,139,105,34,b5fb4b84-e4a4-4800-98e6-fa4b375e2c27.wxs.aliquot_ensemble_masked.maf.gz,0.2446043165467626
NRAS,chr1,114713908,114713908,T,C,Missense_Mutation,SNP,TCGA-D3-A5GO-06A-12D-A27K-08,c.182A>G,p.Q61R,61/189,198,70,128,0380abd6-c0f5-4b26-b454-e58da88ad080.wxs.aliquot_ensemble_masked.maf.gz,0.6464646464646465
TP53,chr17,7673781,7673781,C,T,Missense_Mutation,SNP,TCGA-D3-A5GO-06A-12D-A27K-08,c.839G>A,p.R280K,280/393,25,5,20,0380abd6-c0f5-4b26-b454-e58da88ad080.wxs.aliquot_ensemble_masked.maf.gz,0.8
BRAF,chr7,140753336,140753336,A,T,Missense_Mutation,SNP,TCGA-D3-A5GT-01A-12D-A30X-08,c.1919T>A,p.V640E,640/806,127,68,59,6e09e09a-3a8a-4f4d-afbe-b9a63c1413f3.wxs.aliquot_ensemble_masked.maf.gz,0.4645669291338583
CDKN2A,chr9,21971030,21971030,C,T,Nonsense_Mutation,SNP,TCGA-EB-A51B-01A-11D-A27K-08,c.329G>A,p.W110*,110/156,20,2,18,66960da3-77be-48a5-a224-52863a450c75.wxs.aliquot_ensemble_masked.maf.gz,0.9
NRAS,chr1,114713908,114713908,T,C,Missense_Mutation,SNP,TCGA-BF-A5EO-01A-12D-A27K-08,c.182A>G,p.Q61R,61/189,283,162,121,3a4ff3f6-6d5c-48ba-9133-c183757de9c0.wxs.aliquot_ensemble_masked.maf.gz,0.4275618374558304
NRAS,chr1,114713909,114713909,G,T,Missense_Mutation,SNP,TCGA-BF-A5EO-01A-12D-A27K-08,c.181C>A,p.Q61K,61/189,279,158,121,3a4ff3f6-6d5c-48ba-9133-c183757de9c0.wxs.aliquot_ensemble_masked.maf.gz,0.4336917562724014
BRAF,chr7,140753336,140753336,A,T,Missense_Mutation,SNP,TCGA-BF-AAP7-01A-11D-A401-08,c.1919T>A,p.V640E,640/806,72,56,15,bc334b41-ffc7-4b63-bf24-a97cc473934d.wxs.aliquot_ensemble_masked.maf.gz,0.20833333333333334
CDKN2A,chr9,21970985,21970987,TCG,CC,Frame_Shift_Del,DEL,TCGA-BF-AAP7-01A-11D-A401-08,c.372_374delinsGG,p.D125Vfs*21,124-125/156,33,27,6,bc334b41-ffc7-4b63-bf24-a97cc473934d.wxs.aliquot_ensemble_masked.maf.gz,0.18181818181818182
PTEN,chr10,87894085,87894085,G,A,Missense_Mutation,SNP,TCGA-BF-AAP7-01A-11D-A401-08,c.140G>A,p.R47K,47/403,36,32,4,bc334b41-ffc7-4b63-bf24-a97cc473934d.wxs.aliquot_ensemble_masked.maf.gz,0.1111111111111111
BRAF,chr7,140753336,140753336,A,T,Missense_Mutation,SNP,TCGA-FS-A1ZN-01A-11D-A197-08,c.1919T>A,p.V640E,640/806,90,53,37,a1dbb803-5f5b-42b3-b60f-3762b8e4e793.wxs.aliquot_ensemble_masked.maf.gz,0.4111111111111111
BRAF,chr7,140753336,140753336,A,T,Missense_Mutation,SNP,TCGA-EB-A430-01A-11D-A24R-08,c.1919T>A,p.V640E,640/806,126,57,69,e07fcd97-4666-40b3-97c1-d6767482a10a.wxs.aliquot_ensemble_masked.maf.gz,0.5476190476190477
NRAS,chr1,114713908,114713908,T,C,Missense_Mutation,SNP,TCGA-FS-A1ZY-06A-11D-A197-08,c.182A>G,p.Q61R,61/189,127,37,89,2f22cc61-b9d5-4097-a1df-0b7451471dcd.wxs.aliquot_ensemble_masked.maf.gz,0.7007874015748031
KIT,chr4,54727495,54727495,T,C,Missense_Mutation,SNP,TCGA-BF-A5ES-01A-11D-A27K-08,c.1727T>C,p.L576P,576/976,64,32,32,e1e9f775-ac7c-4cf8-8dda-3bcfa0c19413.wxs.aliquot_ensemble_masked.maf.gz,0.5
BRAF,chr7,140753336,140753336,A,T,Missense_Mutation,SNP,TCGA-D9-A4Z2-01A-11D-A24R-08,c.1919T>A,p.V640E,640/806,110,47,63,94a2bd48-2eb3-4c71-a5e4-63aed51a6aa2.wxs.aliquot_ensemble_masked.maf.gz,0.5727272727272728
KIT,chr4,54728055,54728055,A,G,Missense_Mutation,SNP,TCGA-EB-A42Y-01A-12D-A24R-08,c.1924A>G,p.K642E,642/976,123,61,62,fa54f7af-571c-4c80-b930-6065121ff524.wxs.aliquot_ensemble_masked.maf.gz,0.5040650406504065
PTEN,chr10,87958009,87958009,T,G,Missense_Mutation,SNP,TCGA-EB-A42Y-01A-12D-A24R-08,c.791T>G,p.M264R,264/403,69,39,30,fa54f7af-571c-4c80-b930-6065121ff524.wxs.aliquot_ensemble_masked.maf.gz,0.43478260869565216
BRAF,chr7,140753334,140753334,T,C,Missense_Mutation,SNP,TCGA-BF-AAP1-01A-11D-A397-08,c.1921A>G,p.K641E,641/806,164,79,85,db0d5c7d-f589-4237-9fc2-0066ab22ba79.wxs.aliquot_ensemble_masked.maf.gz,0.5182926829268293
NRAS,chr1,114713908,114713908,T,C,Missense_Mutation,SNP,TCGA-EB-A1NK-01A-11D-A196-08,c.182A>G,p.Q61R,61/189,145,104,41,f17570c3-948b-4897-b246-b112f0587028.wxs.aliquot_ensemble_masked.maf.gz,0.2827586206896552
JAK1,chr1,64850900,64850900,G,A,Silent,SNP,TCGA-BF-AAOX-01A-11D-A397-08,c.1659C>T,p.N553=,553/1154,23,15,8,0b325474-52f8-4142-8497-16857180f63b.wxs.aliquot_ensemble_masked.maf.gz,0.34782608695652173
NRAS,chr1,114713908,114713908,T,A,Missense_Mutation,SNP,TCGA-BF-AAOX-01A-11D-A397-08,c.182A>T,p.Q61L,61/189,129,91,38,0b325474-52f8-4142-8497-16857180f63b.wxs.aliquot_ensemble_masked.maf.gz,0.29457364341085274
JAK2,chr9,5089835,5089835,A,G,Silent,SNP,TCGA-BF-AAOX-01A-11D-A397-08,c.2733A>G,p.V911=,911/1132,51,33,18,0b325474-52f8-4142-8497-16857180f63b.wxs.aliquot_ensemble_masked.maf.gz,0.35294117647058826
TP53,chr17,7674893,7674893,C,T,Missense_Mutation,SNP,TCGA-EE-A3J5-06A-11D-A20D-08,c.638G>A,p.R213Q,213/393,47,19,28,1e93b4e7-0da7-4252-8161-9f76a02c19f9.wxs.aliquot_ensemble_masked.maf.gz,0.5957446808510638
NF1,chr17,31327839,31327839,G,A,Missense_Mutation,SNP,TCGA-EE-A3J5-06A-11D-A20D-08,c.5609G>A,p.R1870Q,1870/2839,35,14,21,1e93b4e7-0da7-4252-8161-9f76a02c19f9.wxs.aliquot_ensemble_masked.maf.gz,0.6
NF1,chr17,31327840,31327840,G,A,Splice_Site,SNP,TCGA-EE-A3J5-06A-11D-A20D-08,c.5609+1G>A,p.X1870_splice,,36,14,22,1e93b4e7-0da7-4252-8161-9f76a02c19f9.wxs.aliquot_ensemble_masked.maf.gz,0.6111111111111112
BRAF,chr7,140781611,140781611,C,T,Missense_Mutation,SNP,TCGA-ER-A19F-06A-11D-A196-08,c.1517G>A,p.G506E,506/806,88,50,38,134638b3-f509-42db-8dab-48e1a9403653.wxs.aliquot_ensemble_masked.maf.gz,0.4318181818181818
NF1,chr17,31159009,31159009,G,A,Splice_Site,SNP,TCGA-ER-A19F-06A-11D-A196-08,c.205-1G>A,p.X69_splice,,61,44,17,134638b3-f509-42db-8dab-48e1a9403653.wxs.aliquot_ensemble_masked.maf.gz,0.2786885245901639
NF1,chr17,31182597,31182597,C,T,Missense_Mutation,SNP,TCGA-ER-A19F-06A-11D-A196-08,c.820C>T,p.L274F,274/2839,44,22,22,134638b3-f509-42db-8dab-48e1a9403653.wxs.aliquot_ensemble_masked.maf.gz,0.5
BRAF,chr7,140753336,140753336,A,T,Missense_Mutation,SNP,TCGA-EE-A17Y-06A-11D-A196-08,c.1919T>A,p.V640E,640/806,85,56,29,0acc2f69-17cf-4269-bc00-f9e6cc162998.wxs.aliquot_ensemble_masked.maf.gz,0.3411764705882353
NRAS,chr1,114713908,114713908,T,C,Missense_Mutation,SNP,TCGA-BF-A1PZ-01A-11D-A19A-08,c.182A>G,p.Q61R,61/189,127,16,104,6e7ae545-8168-46e3-8b7f-811ad4be554b.wxs.aliquot_ensemble_masked.maf.gz,0.8188976377952756
NF1,chr17,31337366,31337366,A,G,Splice_Site,SNP,TCGA-BF-A1PZ-01A-11D-A19A-08,c.6428-2A>G,p.X2143_splice,,39,16,22,6e7ae545-8168-46e3-8b7f-811ad4be554b.wxs.aliquot_ensemble_masked.maf.gz,0.5641025641025641
PTEN,chr10,87933081,87933081,C,T,Missense_Mutation,SNP,TCGA-BF-A5EP-01A-12D-A27K-08,c.322C>T,p.L108F,108/403,109,36,72,eef3b1bb-ef2f-4bac-b2ef-a2b2181e579b.wxs.aliquot_ensemble_masked.maf.gz,0.6605504587155964
BRAF,chr7,140753336,140753336,A,T,Missense_Mutation,SNP,TCGA-BF-A3DJ-01A-11D-A20D-08,c.1919T>A,p.V640E,640/806,89,59,30,e6b1c957-8bbb-4e91-aee4-11da91e3a9bc.wxs.aliquot_ensemble_masked.maf.gz,0.33707865168539325
NRAS,chr1,114713909,114713909,G,T,Missense_Mutation,SNP,TCGA-EB-A551-01A-21D-A27K-08,c.181C>A,p.Q61K,61/189,145,106,39,36c1267e-5bbd-4b40-87df-f1bbb7f6dd8d.wxs.aliquot_ensemble_masked.maf.gz,0.2689655172413793
JAK2,chr9,5044429,5044429,G,A,Missense_Mutation,SNP,TCGA-EB-A551-01A-21D-A27K-08,c.377G>A,p.S126N,126/1132,69,42,27,36c1267e-5bbd-4b40-87df-f1bbb7f6dd8d.wxs.aliquot_ensemble_masked.maf.gz,0.391304347826087
NF1,chr17,31226576,31226576,G,T,Nonsense_Mutation,SNP,TCGA-BF-AAP4-01A-11D-A401-08,c.2143G>T,p.E715*,715/2839,93,80,13,d18ac17b-9280-4f47-a105-48f65abee00e.wxs.aliquot_ensemble_masked.maf.gz,0.13978494623655913
NF1,chr17,31259071,31259071,G,A,Missense_Mutation,SNP,TCGA-BF-AAP4-01A-11D-A401-08,c.4372G>A,p.E1458K,1458/2839,75,45,30,d18ac17b-9280-4f47-a105-48f65abee00e.wxs.aliquot_ensemble_masked.maf.gz,0.4
JAK1,chr1,64835425,64835425,G,A,Silent,SNP,TCGA-EE-A29V-06A-12D-A197-08,c.3340C>T,p.L1114=,1114/1154,96,76,20,a7e8e97e-f8e7-455f-8560-e92b8064fa66.wxs.aliquot_ensemble_masked.maf.gz,0.20833333333333334
JAK1,chr1,64835426,64835426,G,A,Silent,SNP,TCGA-EE-A29V-06A-12D-A197-08,c.3339C>T,p.R1113=,1113/1154,94,74,20,a7e8e97e-f8e7-455f-8560-e92b8064fa66.wxs.aliquot_ensemble_masked.maf.gz,0.2127659574468085
NRAS,chr1,114716126,114716126,C,G,Missense_Mutation,SNP,TCGA-EE-A29V-06A-12D-A197-08,c.35G>C,p.G12A,12/189,124,71,53,a7e8e97e-f8e7-455f-8560-e92b8064fa66.wxs.aliquot_ensemble_masked.maf.gz,0.4274193548387097
CDKN2A,chr9,21974680,21974680,G,A,Nonsense_Mutation,SNP,TCGA-EE-A29V-06A-12D-A197-08,c.148C>T,p.Q50*,50/156,181,90,91,a7e8e97e-f8e7-455f-8560-e92b8064fa66.wxs.aliquot_ensemble_masked.maf.gz,0.5027624309392266
CDKN2A,chr9,21974681,21974681,G,A,Silent,SNP,TCGA-EE-A29V-06A-12D-A197-08,c.147C>T,p.I49=,49/156,179,89,89,a7e8e97e-f8e7-455f-8560-e92b8064fa66.wxs.aliquot_ensemble_masked.maf.gz,0.4972067039106145
TP53,chr17,7674939,7674939,C,A,Nonsense_Mutation,SNP,TCGA-EE-A29V-06A-12D-A197-08,c.592G>T,p.E198*,198/393,25,8,16,a7e8e97e-f8e7-455f-8560-e92b8064fa66.wxs.aliquot_ensemble_masked.maf.gz,0.64
BRAF,chr7,140753336,140753336,A,T,Missense_Mutation,SNP,TCGA-EE-A20B-06A-11D-A196-08,c.1919T>A,p.V640E,640/806,77,15,62,7bd3adc1-55a8-4951-913e-75c495d7a4cc.wxs.aliquot_ensemble_masked.maf.gz,0.8051948051948052
CDKN2A,chr9,21971209,21971209,C,A,Splice_Site,SNP,TCGA-EE-A20B-06A-11D-A196-08,c.151-1G>T,p.X51_splice,,53,24,28,7bd3adc1-55a8-4951-913e-75c495d7a4cc.wxs.aliquot_ensemble_masked.maf.gz,0.5283018867924528
BRAF,chr7,140753336,140753336,A,T,Missense_Mutation,SNP,TCGA-BF-A5EQ-01A-21D-A27K-08,c.1919T>A,p.V640E,640/806,87,53,34,6af4d7fc-9263-48c1-b488-00ee0a15855a.wxs.aliquot_ensemble_masked.maf.gz,0.39080459770114945
BRAF,chr7,140753337,140753337,C,T,Missense_Mutation,SNP,TCGA-BF-A5EQ-01A-21D-A27K-08,c.1918G>A,p.V640M,640/806,86,54,32,6af4d7fc-9263-48c1-b488-00ee0a15855a.wxs.aliquot_ensemble_masked.maf.gz,0.37209302325581395
BRAF,chr7,140753336,140753336,A,T,Missense_Mutation,SNP,TCGA-EB-A3XE-01A-12D-A23B-08,c.1919T>A,p.V640E,640/806,72,46,26,66c68f47-de10-4407-861e-d0d3f928f965.wxs.aliquot_ensemble_masked.maf.gz,0.3611111111111111
JAK1,chr1,64844174,64844174,C,A,Nonsense_Mutation,SNP,TCGA-EB-A6QZ-01A-12D-A32N-08,c.2293G>T,p.E765*,765/1154,211,116,94,ebcc7b4e-f618-44c7-92a3-a4cae0aa6b37.wxs.aliquot_ensemble_masked.maf.gz,0.44549763033175355
BRAF,chr7,140753336,140753336,A,T,Missense_Mutation,SNP,TCGA-EB-A6QZ-01A-12D-A32N-08,c.1919T>A,p.V640E,640/806,139,72,67,ebcc7b4e-f618-44c7-92a3-a4cae0aa6b37.wxs.aliquot_ensemble_masked.maf.gz,0.48201438848920863
BRAF,chr7,140753336,140753336,A,T,Missense_Mutation,SNP,TCGA-BF-A3DN-01A-11D-A20D-08,c.1919T>A,p.V640E,640/806,127,87,40,fc768178-70cd-416e-9d1c-e34875475d74.wxs.aliquot_ensemble_masked.maf.gz,0.31496062992125984
BRAF,chr7,140753336,140753336,A,T,Missense_Mutation,SNP,TCGA-EB-A44N-01A-11D-A25O-08,c.1919T>A,p.V640E,640/806,50,43,7,8a857111-2858-4bb3-a72d-3f1757289909.wxs.aliquot_ensemble_masked.maf.gz,0.14
CDKN2A,chr9,21968243,21968243,C,T,Splice_Site,SNP,TCGA-EB-A44N-01A-11D-A25O-08,c.458-1G>A,p.X153_splice,,26,22,3,8a857111-2858-4bb3-a72d-3f1757289909.wxs.aliquot_ensemble_masked.maf.gz,0.11538461538461539
BRAF,chr7,140753336,140753336,A,T,Missense_Mutation,SNP,TCGA-EB-A431-01A-11D-A25O-08,c.1919T>A,p.V640E,640/806,87,52,35,6ac99f9f-af04-428a-ad5e-3c8c1fce1539.wxs.aliquot_ensemble_masked.maf.gz,0.40229885057471265
TP53,chr17,7670685,7670685,G,A,Nonsense_Mutation,SNP,TCGA-EB-A431-01A-11D-A25O-08,c.1024C>T,p.R342*,342/393,20,6,14,6ac99f9f-af04-428a-ad5e-3c8c1fce1539.wxs.aliquot_ensemble_masked.maf.gz,0.7
BRAF,chr7,140753336,140753336,A,T,Missense_Mutation,SNP,TCGA-EB-A3HV-01A-11D-A21A-08,c.1919T>A,p.V640E,640/806,167,85,82,c995b19e-eb59-40ad-ba1c-82db843d49d6.wxs.aliquot_ensemble_masked.maf.gz,0.49101796407185627
BRAF,chr7,140753336,140753336,A,T,Missense_Mutation,SNP,TCGA-GF-A769-01A-32D-A32N-08,c.1919T>A,p.V640E,640/806,159,74,85,9f15cc8b-878e-4858-a9a1-7e2d5339661c.wxs.aliquot_ensemble_masked.maf.gz,0.5345911949685535
BRAF,chr7,140753336,140753336,A,T,Missense_Mutation,SNP,TCGA-EB-A85I-01A-11D-A34U-08,c.1919T>A,p.V640E,640/806,93,56,37,8af0eeec-a19c-461e-9915-50d31f573688.wxs.aliquot_ensemble_masked.maf.gz,0.3978494623655914
NF1,chr17,31182621,31182621,C,T,Nonsense_Mutation,SNP,TCGA-FR-A3R1-01A-11D-A23B-08,c.844C>T,p.Q282*,282/2839,39,29,10,273bc057-fd4f-4f67-9dfe-78d5c7e4be38.wxs.aliquot_ensemble_masked.maf.gz,0.2564102564102564
NF1,chr17,31232083,31232083,C,T,Nonsense_Mutation,SNP,TCGA-FR-A3R1-01A-11D-A23B-08,c.3208C>T,p.Q1070*,1070/2839,24,18,6,273bc057-fd4f-4f67-9dfe-78d5c7e4be38.wxs.aliquot_ensemble_masked.maf.gz,0.25
TP53,chr17,7673764,7673764,C,T,Missense_Mutation,SNP,TCGA-BF-A1Q0-01A-21D-A19A-08,c.856G>A,p.E286K,286/393,26,8,18,82de97e3-8f4a-47e6-aa72-ee2e16940d4e.wxs.aliquot_ensemble_masked.maf.gz,0.6923076923076923
JAK1,chr1,64838559,64838559,A,G,Missense_Mutation,SNP,TCGA-YG-AA3N-01A-11D-A38G-08,c.2873T>C,p.F958S,958/1154,49,35,13,7867259b-25e0-48f5-a05d-b16d8dce256f.wxs.aliquot_ensemble_masked.maf.gz,0.2653061224489796
KIT,chr4,54695589,54695589,C,T,Missense_Mutation,SNP,TCGA-YG-AA3N-01A-11D-A38G-08,c.145C>T,p.R49C,49/976,38,29,9,7867259b-25e0-48f5-a05d-b16d8dce256f.wxs.aliquot_ensemble_masked.maf.gz,0.23684210526315788
BRAF,chr7,140753336,140753336,A,T,Missense_Mutation,SNP,TCGA-YG-AA3N-01A-11D-A38G-08,c.1919T>A,p.V640E,640/806,55,27,28,7867259b-25e0-48f5-a05d-b16d8dce256f.wxs.aliquot_ensemble_masked.maf.gz,0.509090909090909
BRAF,chr7,140753337,140753337,C,T,Missense_Mutation,SNP,TCGA-YG-AA3N-01A-11D-A38G-08,c.1918G>A,p.V640M,640/806,55,27,28,7867259b-25e0-48f5-a05d-b16d8dce256f.wxs.aliquot_ensemble_masked.maf.gz,0.509090909090909
NF1,chr17,31226456,31226456,G,C,Missense_Mutation,SNP,TCGA-YG-AA3N-01A-11D-A38G-08,c.2023G>C,p.G675R,675/2839,54,37,17,7867259b-25e0-48f5-a05d-b16d8dce256f.wxs.aliquot_ensemble_masked.maf.gz,0.3148148148148148
BRAF,chr7,140753336,140753336,A,T,Missense_Mutation,SNP,TCGA-FS-A1ZC-06A-11D-A197-08,c.1919T>A,p.V640E,640/806,90,55,35,58af1899-1f19-464a-b151-8f806508cafe.wxs.aliquot_ensemble_masked.maf.gz,0.3888888888888889
BRAF,chr7,140753337,140753337,C,T,Missense_Mutation,SNP,TCGA-FS-A1ZC-06A-11D-A197-08,c.1918G>A,p.V640M,640/806,90,56,34,58af1899-1f19-464a-b151-8f806508cafe.wxs.aliquot_ensemble_masked.maf.gz,0.37777777777777777
BRAF,chr7,140753336,140753336,A,T,Missense_Mutation,SNP,TCGA-DA-A1I4-06A-11D-A196-08,c.1919T>A,p.V640E,640/806,97,61,36,1ae85dc3-e37c-4f19-bdcb-600ad3c13507.wxs.aliquot_ensemble_masked.maf.gz,0.3711340206185567
NRAS,chr1,114713909,114713909,G,T,Missense_Mutation,SNP,TCGA-EB-A85J-01A-12D-A34U-08,c.181C>A,p.Q61K,61/189,147,93,53,834a576e-0e3a-4650-9a5a-9c5a598c57b7.wxs.aliquot_ensemble_masked.maf.gz,0.36054421768707484
BRAF,chr7,140753336,140753336,A,T,Missense_Mutation,SNP,TCGA-EE-A29C-06A-21D-A197-08,c.1919T>A,p.V640E,640/806,96,55,41,b7a2aebc-0296-4613-bb63-964362399082.wxs.aliquot_ensemble_masked.maf.gz,0.4270833333333333
BRAF,chr7,140753336,140753336,A,T,Missense_Mutation,SNP,TCGA-LH-A9QB-06A-11D-A38G-08,c.1919T>A,p.V640E,640/806,87,11,76,9327ff1c-59cd-4a63-ae49-d8bc3f0fe145.wxs.aliquot_ensemble_masked.maf.gz,0.8735632183908046
BRAF,chr7,140753336,140753336,A,T,Missense_Mutation,SNP,TCGA-BF-A3DL-01A-11D-A20D-08,c.1919T>A,p.V640E,640/806,137,76,61,d287206b-3a46-4e8d-8f54-41f8c7980f32.wxs.aliquot_ensemble_masked.maf.gz,0.44525547445255476
BRAF,chr7,140753337,140753337,C,T,Missense_Mutation,SNP,TCGA-BF-A3DL-01A-11D-A20D-08,c.1918G>A,p.V640M,640/806,138,77,61,d287206b-3a46-4e8d-8f54-41f8c7980f32.wxs.aliquot_ensemble_masked.maf.gz,0.4420289855072464
TP53,chr17,7674945,7674945,G,A,Nonsense_Mutation,SNP,TCGA-BF-A3DL-01A-11D-A20D-08,c.586C>T,p.R196*,196/393,64,27,37,d287206b-3a46-4e8d-8f54-41f8c7980f32.wxs.aliquot_ensemble_masked.maf.gz,0.578125
BRAF,chr7,140753336,140753336,A,T,Missense_Mutation,SNP,TCGA-WE-AAA4-06A-12D-A38G-08,c.1919T>A,p.V640E,640/806,69,59,10,b318a906-c707-40d4-9fa6-dc5e0db49deb.wxs.aliquot_ensemble_masked.maf.gz,0.14492753623188406
CDKN2A,chr9,21971018,21971018,G,A,Missense_Mutation,SNP,TCGA-WE-AAA4-06A-12D-A38G-08,c.341C>T,p.P114L,114/156,40,30,10,b318a906-c707-40d4-9fa6-dc5e0db49deb.wxs.aliquot_ensemble_masked.maf.gz,0.25
NRAS,chr1,114713908,114713908,T,C,Missense_Mutation,SNP,TCGA-WE-A8ZY-06A-11D-A372-08,c.182A>G,p.Q61R,61/189,167,89,77,9f254014-0d45-41fe-82f0-00210f770f8b.wxs.aliquot_ensemble_masked.maf.gz,0.46107784431137727
BRAF,chr7,140753336,140753336,A,T,Missense_Mutation,SNP,TCGA-DA-A1I5-06A-11D-A197-08,c.1919T>A,p.V640E,640/806,99,50,49,c4e1ab11-e39e-401f-9bb2-db36da4482e2.wxs.aliquot_ensemble_masked.maf.gz,0.494949494949495
TP53,chr17,7673764,7673764,C,T,Missense_Mutation,SNP,TCGA-DA-A1I5-06A-11D-A197-08,c.856G>A,p.E286K,286/393,36,29,7,c4e1ab11-e39e-401f-9bb2-db36da4482e2.wxs.aliquot_ensemble_masked.maf.gz,0.19444444444444445
TP53,chr17,7674945,7674945,G,A,Nonsense_Mutation,SNP,TCGA-DA-A1I5-06A-11D-A197-08,c.586C>T,p.R196*,196/393,32,23,9,c4e1ab11-e39e-401f-9bb2-db36da4482e2.wxs.aliquot_ensemble_masked.maf.gz,0.28125
NRAS,chr1,114713909,114713909,G,T,Missense_Mutation,SNP,TCGA-FS-A1ZE-06A-11D-A197-08,c.181C>A,p.Q61K,61/189,165,91,74,10d97d8d-dbab-42dd-a3db-6f70a745df1a.wxs.aliquot_ensemble_masked.maf.gz,0.4484848484848485
BRAF,chr7,140753336,140753336,A,T,Missense_Mutation,SNP,TCGA-ER-A19E-06A-11D-A197-08,c.1919T>A,p.V640E,640/806,132,19,113,10d500a4-04d1-4256-8239-7ee1e673a1e5.wxs.aliquot_ensemble_masked.maf.gz,0.8560606060606061
JAK2,chr9,5072578,5072579,AG,-,Frame_Shift_Del,DEL,TCGA-ER-A19E-06A-11D-A197-08,c.1729_1730del,p.E577Sfs*8,576-577/1132,19,8,10,10d500a4-04d1-4256-8239-7ee1e673a1e5.wxs.aliquot_ensemble_masked.maf.gz,0.5263157894736842
PTEN,chr10,87960907,87960907,A,G,Missense_Mutation,SNP,TCGA-ER-A19E-06A-11D-A197-08,c.815A>G,p.H272R,272/403,10,3,7,10d500a4-04d1-4256-8239-7ee1e673a1e5.wxs.aliquot_ensemble_masked.maf.gz,0.7
TP53,chr17,7674858,7674858,C,T,Splice_Site,SNP,TCGA-ER-A19E-06A-11D-A197-08,c.672+1G>A,p.X224_splice,,17,1,16,10d500a4-04d1-4256-8239-7ee1e673a1e5.wxs.aliquot_ensemble_masked.maf.gz,0.9411764705882353
BRAF,chr7,140753336,140753336,A,T,Missense_Mutation,SNP,TCGA-EB-A42Z-01A-12D-A24R-08,c.1919T>A,p.V640E,640/806,106,40,66,743c2dca-02a1-4c73-949c-be879293671a.wxs.aliquot_ensemble_masked.maf.gz,0.6226415094339622
BRAF,chr7,140753336,140753336,A,T,Missense_Mutation,SNP,TCGA-ER-A19G-06A-11D-A196-08,c.1919T>A,p.V640E,640/806,60,33,27,1b87583b-8508-4b14-aa20-da057efa72d6.wxs.aliquot_ensemble_masked.maf.gz,0.45
B2M,chr15,44711614,44711614,G,A,Splice_Site,SNP,TCGA-ER-A19G-06A-11D-A196-08,c.67+1G>A,p.X23_splice,,20,11,8,1b87583b-8508-4b14-aa20-da057efa72d6.wxs.aliquot_ensemble_masked.maf.gz,0.4
KIT,chr4,54728055,54728055,A,G,Missense_Mutation,SNP,TCGA-EB-A57M-01A-51D-A30X-08,c.1924A>G,p.K642E,642/976,275,144,130,6834b8ce-342e-40ad-8ca6-b35372ff274b.wxs.aliquot_ensemble_masked.maf.gz,0.4727272727272727
BRAF,chr7,140753336,140753336,A,T,Missense_Mutation,SNP,TCGA-XV-AAZW-01A-12D-A401-08,c.1919T>A,p.V640E,640/806,89,29,60,1ab9f653-c484-48a1-b98a-bdc1e88bb27b.wxs.aliquot_ensemble_masked.maf.gz,0.6741573033707865
KIT,chr4,54733174,54733174,T,G,Missense_Mutation,SNP,TCGA-GN-A264-06A-11D-A196-08,c.2466T>G,p.N822K,822/976,167,61,106,30ba9bfd-c34c-4058-955e-7176cd56bf76.wxs.aliquot_ensemble_masked.maf.gz,0.6347305389221557
BRAF,chr7,140753336,140753336,A,T,Missense_Mutation,SNP,TCGA-EE-A20H-06A-11D-A197-08,c.1919T>A,p.V640E,640/806,118,3,115,02b271ca-4f78-4861-b68f-cbf3a25ceb0e.wxs.aliquot_ensemble_masked.maf.gz,0.9745762711864406
BRAF,chr7,140753337,140753337,C,T,Missense_Mutation,SNP,TCGA-EE-A20H-06A-11D-A197-08,c.1918G>A,p.V640M,640/806,118,3,115,02b271ca-4f78-4861-b68f-cbf3a25ceb0e.wxs.aliquot_ensemble_masked.maf.gz,0.9745762711864406
NRAS,chr1,114713908,114713908,T,C,Missense_Mutation,SNP,TCGA-BF-AAP2-01A-11D-A401-08,c.182A>G,p.Q61R,61/189,127,67,60,06567117-c9eb-4551-80c8-71a30dc4193d.wxs.aliquot_ensemble_masked.maf.gz,0.47244094488188976
TP53,chr17,7675077,7675077,G,A,Missense_Mutation,SNP,TCGA-BF-AAP2-01A-11D-A401-08,c.535C>T,p.H179Y,179/393,47,23,24,06567117-c9eb-4551-80c8-71a30dc4193d.wxs.aliquot_ensemble_masked.maf.gz,0.5106382978723404
TP53,chr17,7675078,7675078,G,A,Silent,SNP,TCGA-BF-AAP2-01A-11D-A401-08,c.534C>T,p.H178=,178/393,47,23,24,06567117-c9eb-4551-80c8-71a30dc4193d.wxs.aliquot_ensemble_masked.maf.gz,0.5106382978723404
BRAF,chr7,140753336,140753336,A,T,Missense_Mutation,SNP,TCGA-XV-AAZV-01A-11D-A401-08,c.1919T>A,p.V640E,640/806,92,48,44,0305b3b5-f091-4afa-9347-fc46aa9a9738.wxs.aliquot_ensemble_masked.maf.gz,0.4782608695652174
BRAF,chr7,140753336,140753336,A,T,Missense_Mutation,SNP,TCGA-EB-A4IS-01A-21D-A25O-08,c.1919T>A,p.V640E,640/806,55,46,9,9144d5b9-d4d2-432a-8cf3-0bdef3dfdbf1.wxs.aliquot_ensemble_masked.maf.gz,0.16363636363636364
CDKN2A,chr9,21971112,21971112,G,A,Missense_Mutation,SNP,TCGA-EB-A4IS-01A-21D-A25O-08,c.247C>T,p.H83Y,83/156,31,18,12,9144d5b9-d4d2-432a-8cf3-0bdef3dfdbf1.wxs.aliquot_ensemble_masked.maf.gz,0.3870967741935484
NF1,chr17,31226526,31226526,C,T,Missense_Mutation,SNP,TCGA-EB-A4IS-01A-21D-A25O-08,c.2093C>T,p.P698L,698/2839,97,72,25,9144d5b9-d4d2-432a-8cf3-0bdef3dfdbf1.wxs.aliquot_ensemble_masked.maf.gz,0.25773195876288657
NF1,chr17,31335016,31335016,G,A,Nonsense_Mutation,SNP,TCGA-EB-A82B-01A-11D-A34U-08,c.5991G>A,p.W1997*,1997/2839,87,55,32,8cbff068-efc5-469c-a02b-fcd0cd11572b.wxs.aliquot_ensemble_masked.maf.gz,0.367816091954023
NF1,chr17,31338739,31338739,C,G,Nonsense_Mutation,SNP,TCGA-EB-A82B-01A-11D-A34U-08,c.6855C>G,p.Y2285*,2285/2839,117,93,24,8cbff068-efc5-469c-a02b-fcd0cd11572b.wxs.aliquot_ensemble_masked.maf.gz,0.20512820512820512
BRAF,chr7,140753336,140753336,A,T,Missense_Mutation,SNP,TCGA-ER-A2ND-06A-11D-A196-08,c.1919T>A,p.V640E,640/806,130,87,43,2f24b973-024d-40a3-ab44-795580a13aa2.wxs.aliquot_ensemble_masked.maf.gz,0.33076923076923076
BRAF,chr7,140753336,140753336,A,T,Missense_Mutation,SNP,TCGA-ER-A19Q-06A-11D-A197-08,c.1919T>A,p.V640E,640/806,74,47,27,085aa1f0-7e90-45aa-8be9-516ee4788454.wxs.aliquot_ensemble_masked.maf.gz,0.36486486486486486
TP53,chr17,7673752,7673752,G,A,Missense_Mutation,SNP,TCGA-GN-A266-06A-11D-A197-08,c.868C>T,p.R290C,290/393,36,18,18,2c469377-8e9b-4479-a449-1f5935909015.wxs.aliquot_ensemble_masked.maf.gz,0.5
TP53,chr17,7675135,7675135,G,A,Silent,SNP,TCGA-GN-A266-06A-11D-A197-08,c.477C>T,p.A159=,159/393,50,28,22,2c469377-8e9b-4479-a449-1f5935909015.wxs.aliquot_ensemble_masked.maf.gz,0.44
TP53,chr17,7675136,7675136,G,A,Missense_Mutation,SNP,TCGA-GN-A266-06A-11D-A197-08,c.476C>T,p.A159V,159/393,49,27,22,2c469377-8e9b-4479-a449-1f5935909015.wxs.aliquot_ensemble_masked.maf.gz,0.4489795918367347
BRAF,chr7,140753336,140753336,A,T,Missense_Mutation,SNP,TCGA-GN-A269-01A-11D-A19A-08,c.1919T>A,p.V640E,640/806,60,50,10,a2b5bdcf-b839-4166-8bd9-49056c1570bb.wxs.aliquot_ensemble_masked.maf.gz,0.16666666666666666
NF1,chr17,31326245,31326245,C,T,Missense_Mutation,SNP,TCGA-GN-A269-01A-11D-A19A-08,c.5261C>T,p.S1754F,1754/2839,40,32,8,a2b5bdcf-b839-4166-8bd9-49056c1570bb.wxs.aliquot_ensemble_masked.maf.gz,0.2
PTEN,chr10,87864492,87864492,T,C,Missense_Mutation,SNP,TCGA-GN-A26C-01A-11D-A19A-08,c.23T>C,p.I8T,8/403,211,174,37,8a7949d1-1049-4d34-bbd7-e4317e1296ac.wxs.aliquot_ensemble_masked.maf.gz,0.17535545023696683
TP53,chr17,7673579,7673579,G,A,Nonsense_Mutation,SNP,TCGA-GN-A26C-01A-11D-A19A-08,c.949C>T,p.Q317*,317/393,107,55,51,8a7949d1-1049-4d34-bbd7-e4317e1296ac.wxs.aliquot_ensemble_masked.maf.gz,0.4766355140186916
NF1,chr17,31223533,31223533,T,A,Nonsense_Mutation,SNP,TCGA-GN-A26C-01A-11D-A19A-08,c.1811T>A,p.L604*,604/2839,51,34,17,8a7949d1-1049-4d34-bbd7-e4317e1296ac.wxs.aliquot_ensemble_masked.maf.gz,0.3333333333333333
BRAF,chr7,140753336,140753336,A,T,Missense_Mutation,SNP,TCGA-XV-A9W5-01A-11D-A38G-08,c.1919T>A,p.V640E,640/806,80,43,37,e6de1eab-ca2b-484f-a79b-080bb4adaa61.wxs.aliquot_ensemble_masked.maf.gz,0.4625
PTEN,chr10,87931076,87931077,AT,-,Frame_Shift_Del,DEL,TCGA-XV-A9W5-01A-11D-A38G-08,c.240_241del,p.K80Nfs*2,80-81/403,49,24,25,e6de1eab-ca2b-484f-a79b-080bb4adaa61.wxs.aliquot_ensemble_masked.maf.gz,0.5102040816326531
NRAS,chr1,114713907,114713907,T,G,Missense_Mutation,SNP,TCGA-EE-A184-06A-11D-A196-08,c.183A>C,p.Q61H,61/189,110,14,95,bb2d8f64-811a-49ae-b4e1-0352c0af6b64.wxs.aliquot_ensemble_masked.maf.gz,0.8636363636363636
BRAF,chr7,140753336,140753336,A,T,Missense_Mutation,SNP,TCGA-ER-A19O-06A-11D-A197-08,c.1919T>A,p.V640E,640/806,73,44,29,6263a081-0c9d-4be0-8650-856d77e6852b.wxs.aliquot_ensemble_masked.maf.gz,0.3972602739726027
BRAF,chr7,140753336,140753336,A,T,Missense_Mutation,SNP,TCGA-GF-A2C7-01A-11D-A197-08,c.1919T>A,p.V640E,640/806,130,42,88,24704488-1e74-48c8-8180-887a789ea437.wxs.aliquot_ensemble_masked.maf.gz,0.676923076923077
PTEN,chr10,87933245,87933246,-,A,Frame_Shift_Ins,INS,TCGA-GF-A2C7-01A-11D-A197-08,c.491dup,p.V166Sfs*14,162-163/403,31,13,18,24704488-1e74-48c8-8180-887a789ea437.wxs.aliquot_ensemble_masked.maf.gz,0.5806451612903226
NRAS,chr1,114713908,114713908,T,A,Missense_Mutation,SNP,TCGA-DA-A1I1-06A-12D-A196-08,c.182A>T,p.Q61L,61/189,114,66,48,b329dc36-e310-4a06-be0e-29ebb4579339.wxs.aliquot_ensemble_masked.maf.gz,0.42105263157894735
CDKN2A,chr9,21971077,21971102,CAGCGTGTCCAGGAAGCCCTCCCGGG,-,Frame_Shift_Del,DEL,TCGA-DA-A1I1-06A-12D-A196-08,c.257_282del,p.A86Gfs*25,86-94/156,61,46,14,b329dc36-e310-4a06-be0e-29ebb4579339.wxs.aliquot_ensemble_masked.maf.gz,0.22950819672131148
BRAF,chr7,140753336,140753336,A,T,Missense_Mutation,SNP,TCGA-EB-A553-01A-12D-A27K-08,c.1919T>A,p.V640E,640/806,167,92,75,3594dae5-7750-4b70-9032-20b051deb086.wxs.aliquot_ensemble_masked.maf.gz,0.4491017964071856
NRAS,chr1,114713908,114713908,T,A,Missense_Mutation,SNP,TCGA-BF-A1PV-01A-11D-A19A-08,c.182A>T,p.Q61L,61/189,137,76,61,b93418ee-b1bb-4853-a1f1-200523792c15.wxs.aliquot_ensemble_masked.maf.gz,0.44525547445255476
NF1,chr17,31206297,31206297,C,T,Nonsense_Mutation,SNP,TCGA-BF-A1PV-01A-11D-A19A-08,c.1318C>T,p.R440*,440/2839,44,4,40,b93418ee-b1bb-4853-a1f1-200523792c15.wxs.aliquot_ensemble_masked.maf.gz,0.9090909090909091
BRAF,chr7,140753336,140753336,A,T,Missense_Mutation,SNP,TCGA-GN-A26A-06A-11D-A19A-08,c.1919T>A,p.V640E,640/806,40,33,7,8b97b1d8-512b-478c-ae98-76d5520c862a.wxs.aliquot_ensemble_masked.maf.gz,0.175
BRAF,chr7,140753336,140753336,A,T,Missense_Mutation,SNP,TCGA-EB-A44P-01A-11D-A25O-08,c.1919T>A,p.V640E,640/806,60,37,22,e6b675d9-3e28-4c27-84ab-3d73b77b8bb6.wxs.aliquot_ensemble_masked.maf.gz,0.36666666666666664
CDKN2A,chr9,21971018,21971018,G,A,Missense_Mutation,SNP,TCGA-EB-A44P-01A-11D-A25O-08,c.341C>T,p.P114L,114/156,28,6,22,e6b675d9-3e28-4c27-84ab-3d73b77b8bb6.wxs.aliquot_ensemble_masked.maf.gz,0.7857142857142857
PTEN,chr10,87931044,87931044,A,G,Splice_Site,SNP,TCGA-EB-A44P-01A-11D-A25O-08,c.210-2A>G,p.X70_splice,,19,5,14,e6b675d9-3e28-4c27-84ab-3d73b77b8bb6.wxs.aliquot_ensemble_masked.maf.gz,0.7368421052631579
BRAF,chr7,140753336,140753336,A,T,Missense_Mutation,SNP,TCGA-EB-A4P0-01A-41D-A25O-08,c.1919T>A,p.V640E,640/806,74,34,40,2ec7d6b7-0cb7-411c-8dec-0be479835fda.wxs.aliquot_ensemble_masked.maf.gz,0.5405405405405406
NF1,chr17,31226459,31226460,-,C,Frame_Shift_Ins,INS,TCGA-EB-A82C-01A-11D-A34U-08,c.2033dup,p.I679Dfs*21,676/2839,28,8,20,d3fc6748-1b29-4e06-a4c6-064c85af5372.wxs.aliquot_ensemble_masked.maf.gz,0.7142857142857143
NRAS,chr1,114713909,114713909,G,T,Missense_Mutation,SNP,TCGA-EE-A29G-06A-12D-A196-08,c.181C>A,p.Q61K,61/189,220,179,40,de958f1d-a3b0-4ff3-b42a-2ee437eb63af.wxs.aliquot_ensemble_masked.maf.gz,0.18181818181818182
BRAF,chr7,140753336,140753336,A,T,Missense_Mutation,SNP,TCGA-DA-A1I8-06A-11D-A197-08,c.1919T>A,p.V640E,640/806,95,24,71,b0133b28-8184-41ca-abda-83a8afb1b84b.wxs.aliquot_ensemble_masked.maf.gz,0.7473684210526316
BRAF,chr7,140753336,140753336,A,T,Missense_Mutation,SNP,TCGA-DA-A1I7-06A-22D-A197-08,c.1919T>A,p.V640E,640/806,127,53,74,45084843-461d-4c91-b5fc-72d95118de10.wxs.aliquot_ensemble_masked.maf.gz,0.5826771653543307
NRAS,chr1,114713909,114713909,G,T,Missense_Mutation,SNP,TCGA-EB-A44O-01A-11D-A25O-08,c.181C>A,p.Q61K,61/189,77,25,52,4b56113a-a6bf-4625-8bf7-e8d2efbaec14.wxs.aliquot_ensemble_masked.maf.gz,0.6753246753246753
CDKN2A,chr9,21971093,21971097,CCCTC,-,Frame_Shift_Del,DEL,TCGA-EB-A44O-01A-11D-A25O-08,c.262_266del,p.E88Lfs*30,88-89/156,14,7,7,4b56113a-a6bf-4625-8bf7-e8d2efbaec14.wxs.aliquot_ensemble_masked.maf.gz,0.5
BRAF,chr7,140753336,140753336,A,T,Missense_Mutation,SNP,TCGA-ER-A19S-06A-11D-A196-08,c.1919T>A,p.V640E,640/806,62,48,14,ae5049bd-dbca-45cf-9f61-cd36d42c9502.wxs.aliquot_ensemble_masked.maf.gz,0.22580645161290322
BRAF,chr7,140753336,140753336,A,T,Missense_Mutation,SNP,TCGA-EB-A24C-01A-11D-A197-08,c.1919T>A,p.V640E,640/806,83,49,34,be741107-90f4-4d24-855a-ab5ad59276c5.wxs.aliquot_ensemble_masked.maf.gz,0.40963855421686746
TP53,chr17,7675053,7675053,C,T,Missense_Mutation,SNP,TCGA-EB-A41A-01A-11D-A24R-08,c.559G>A,p.G187S,187/393,52,34,18,6f9e316e-bd17-4af7-a7b3-95fbaa57e97e.wxs.aliquot_ensemble_masked.maf.gz,0.34615384615384615
NF1,chr17,31159093,31159093,G,A,Splice_Region,SNP,TCGA-EB-A41A-01A-11D-A24R-08,c.288G>A,p.G96=,96/2839,50,32,18,6f9e316e-bd17-4af7-a7b3-95fbaa57e97e.wxs.aliquot_ensemble_masked.maf.gz,0.36
NF1,chr17,31206297,31206297,C,T,Nonsense_Mutation,SNP,TCGA-EB-A41A-01A-11D-A24R-08,c.1318C>T,p.R440*,440/2839,136,84,52,6f9e316e-bd17-4af7-a7b3-95fbaa57e97e.wxs.aliquot_ensemble_masked.maf.gz,0.38235294117647056
NF1,chr17,31352415,31352415,G,A,Splice_Site,SNP,TCGA-EB-A41A-01A-11D-A24R-08,c.7615+1G>A,p.X2539_splice,,36,21,15,6f9e316e-bd17-4af7-a7b3-95fbaa57e97e.wxs.aliquot_ensemble_masked.maf.gz,0.4166666666666667
NRAS,chr1,114713908,114713908,T,C,Missense_Mutation,SNP,TCGA-XV-AAZY-01A-12D-A401-08,c.182A>G,p.Q61R,61/189,132,70,62,5639a813-e59d-4543-9424-cb36b1ce6a6e.wxs.aliquot_ensemble_masked.maf.gz,0.4696969696969697
NRAS,chr1,114716124,114716124,C,G,Missense_Mutation,SNP,TCGA-FS-A4FC-06A-11D-A24R-08,c.37G>C,p.G13R,13/189,150,95,55,52174a15-c841-493c-a8b1-15a6a8f0da24.wxs.aliquot_ensemble_masked.maf.gz,0.36666666666666664
BRAF,chr7,140753336,140753336,A,T,Missense_Mutation,SNP,TCGA-GN-A263-01A-11D-A196-08,c.1919T>A,p.V640E,640/806,98,81,17,5683c5ee-837b-4129-b465-21d393a7f19d.wxs.aliquot_ensemble_masked.maf.gz,0.17346938775510204
NF1,chr17,31260375,31260375,C,T,Silent,SNP,TCGA-GN-A263-01A-11D-A196-08,c.4437C>T,p.F1479=,1479/2839,122,105,17,5683c5ee-837b-4129-b465-21d393a7f19d.wxs.aliquot_ensemble_masked.maf.gz,0.13934426229508196
NRAS,chr1,114713908,114713908,T,C,Missense_Mutation,SNP,TCGA-FS-A1Z0-06A-11D-A197-08,c.182A>G,p.Q61R,61/189,115,48,67,642d2a4e-a2e0-4c01-a4e4-c9c7d8df2e16.wxs.aliquot_ensemble_masked.maf.gz,0.5826086956521739
NRAS,chr1,114713908,114713908,T,C,Missense_Mutation,SNP,TCGA-EE-A20C-06A-11D-A196-08,c.182A>G,p.Q61R,61/189,133,40,90,7ca0615f-4ca0-4d3a-b86b-ca1d76a00eb9.wxs.aliquot_ensemble_masked.maf.gz,0.6766917293233082
NF1,chr17,31229113,31229113,C,T,Missense_Mutation,SNP,TCGA-EE-A20C-06A-11D-A196-08,c.2498C>T,p.S833F,833/2839,17,6,11,7ca0615f-4ca0-4d3a-b86b-ca1d76a00eb9.wxs.aliquot_ensemble_masked.maf.gz,0.6470588235294118
NRAS,chr1,114713907,114713907,T,A,Missense_Mutation,SNP,TCGA-FS-A1Z3-06A-11D-A197-08,c.183A>T,p.Q61H,61/189,130,11,118,3a0da4a6-0c7d-47c1-8f06-2cccaa535023.wxs.aliquot_ensemble_masked.maf.gz,0.9076923076923077
NF1,chr17,31235723,31235723,T,A,Missense_Mutation,SNP,TCGA-FS-A1Z3-06A-11D-A197-08,c.3821T>A,p.L1274H,1274/2839,134,67,67,3a0da4a6-0c7d-47c1-8f06-2cccaa535023.wxs.aliquot_ensemble_masked.maf.gz,0.5
NRAS,chr1,114713908,114713908,T,C,Missense_Mutation,SNP,TCGA-HR-A2OG-06A-21D-A197-08,c.182A>G,p.Q61R,61/189,178,70,108,633e735b-22fd-47c5-ad45-8956c932ad44.wxs.aliquot_ensemble_masked.maf.gz,0.6067415730337079
NF1,chr17,31235676,31235676,G,A,Nonsense_Mutation,SNP,TCGA-EE-A180-06A-11D-A21A-08,c.3774G>A,p.W1258*,1258/2839,324,41,283,93fc797c-8641-45c0-b4db-a875c5ecf1d8.wxs.aliquot_ensemble_masked.maf.gz,0.8734567901234568
PTEN,chr10,87957970,87957970,G,T,Missense_Mutation,SNP,TCGA-EE-A17Z-06A-11D-A196-08,c.752G>T,p.G251V,251/403,20,1,19,94512f8b-5f1c-48ad-96e8-d63cdbf2001b.wxs.aliquot_ensemble_masked.maf.gz,0.95
BRAF,chr7,140753336,140753336,A,T,Missense_Mutation,SNP,TCGA-EB-A3XD-01A-22D-A23B-08,c.1919T>A,p.V640E,640/806,92,83,9,dd9260a2-bae8-4aad-873d-f1282308320c.wxs.aliquot_ensemble_masked.maf.gz,0.09782608695652174
BRAF,chr7,140753336,140753336,A,T,Missense_Mutation,SNP,TCGA-IH-A3EA-01A-11D-A20D-08,c.1919T>A,p.V640E,640/806,137,56,81,04542754-2042-46aa-a268-257103335245.wxs.aliquot_ensemble_masked.maf.gz,0.5912408759124088
BRAF,chr7,140753337,140753337,C,T,Missense_Mutation,SNP,TCGA-IH-A3EA-01A-11D-A20D-08,c.1918G>A,p.V640M,640/806,136,54,82,04542754-2042-46aa-a268-257103335245.wxs.aliquot_ensemble_masked.maf.gz,0.6029411764705882
PTEN,chr10,87933128,87933129,-,TG,Frame_Shift_Ins,INS,TCGA-IH-A3EA-01A-11D-A20D-08,c.371_372dup,p.K125Vfs*10,123-124/403,226,150,76,04542754-2042-46aa-a268-257103335245.wxs.aliquot_ensemble_masked.maf.gz,0.336283185840708
BRAF,chr7,140753336,140753336,A,T,Missense_Mutation,SNP,TCGA-HR-A5NC-01A-11D-A27K-08,c.1919T>A,p.V640E,640/806,78,48,30,aca28098-2b7b-4a37-b3f6-cd7aaf89273c.wxs.aliquot_ensemble_masked.maf.gz,0.38461538461538464
BRAF,chr7,140753336,140753336,A,T,Missense_Mutation,SNP,TCGA-BF-A3DM-01A-11D-A20D-08,c.1919T>A,p.V640E,640/806,70,42,28,e376f447-0a94-435b-b1a0-fd2d7cfcb967.wxs.aliquot_ensemble_masked.maf.gz,0.4
BRAF,chr7,140753337,140753337,C,T,Missense_Mutation,SNP,TCGA-BF-A3DM-01A-11D-A20D-08,c.1918G>A,p.V640M,640/806,70,42,28,e376f447-0a94-435b-b1a0-fd2d7cfcb967.wxs.aliquot_ensemble_masked.maf.gz,0.4
BRAF,chr7,140753336,140753336,A,C,Missense_Mutation,SNP,TCGA-EB-A3XC-01A-11D-A23B-08,c.1919T>G,p.V640G,640/806,294,186,108,4001d062-2a29-4727-9625-9aea545ac80e.wxs.aliquot_ensemble_masked.maf.gz,0.3673469387755102
BRAF,chr7,140753337,140753337,C,T,Missense_Mutation,SNP,TCGA-EB-A3XC-01A-11D-A23B-08,c.1918G>A,p.V640M,640/806,296,190,106,4001d062-2a29-4727-9625-9aea545ac80e.wxs.aliquot_ensemble_masked.maf.gz,0.3581081081081081
TP53,chr17,7673796,7673796,C,T,Missense_Mutation,SNP,TCGA-EB-A3XC-01A-11D-A23B-08,c.824G>A,p.C275Y,275/393,30,3,26,4001d062-2a29-4727-9625-9aea545ac80e.wxs.aliquot_ensemble_masked.maf.gz,0.8666666666666667
BRAF,chr7,140753336,140753336,A,T,Missense_Mutation,SNP,TCGA-GN-A262-06A-11D-A196-08,c.1919T>A,p.V640E,640/806,73,35,38,d7121111-d93c-4827-a60d-9a8d610826a6.wxs.aliquot_ensemble_masked.maf.gz,0.5205479452054794
BRAF,chr7,140753336,140753336,A,T,Missense_Mutation,SNP,TCGA-BF-A5ER-01A-12D-A27K-08,c.1919T>A,p.V640E,640/806,106,49,57,0b2d400a-6098-4e3a-bcf5-f5b6b5c699b7.wxs.aliquot_ensemble_masked.maf.gz,0.5377358490566038
BRAF,chr7,140753337,140753337,C,T,Missense_Mutation,SNP,TCGA-BF-A5ER-01A-12D-A27K-08,c.1918G>A,p.V640M,640/806,105,49,56,0b2d400a-6098-4e3a-bcf5-f5b6b5c699b7.wxs.aliquot_ensemble_masked.maf.gz,0.5333333333333333
BRAF,chr7,140753336,140753336,A,T,Missense_Mutation,SNP,TCGA-EB-A3XF-01A-31D-A23B-08,c.1919T>A,p.V640E,640/806,41,22,19,c16be72d-0760-41dc-b828-dbe5d0b46ac3.wxs.aliquot_ensemble_masked.maf.gz,0.4634146341463415
BRAF,chr7,140753337,140753337,C,T,Missense_Mutation,SNP,TCGA-EB-A3XF-01A-31D-A23B-08,c.1918G>A,p.V640M,640/806,40,22,18,c16be72d-0760-41dc-b828-dbe5d0b46ac3.wxs.aliquot_ensemble_masked.maf.gz,0.45
BRAF,chr7,140753336,140753336,A,T,Missense_Mutation,SNP,TCGA-BF-A1PU-01A-11D-A19A-08,c.1919T>A,p.V640E,640/806,64,3,61,43b3c51e-1288-469c-b882-d8f2e729d600.wxs.aliquot_ensemble_masked.maf.gz,0.953125
PTEN,chr10,87933147,87933147,C,T,Nonsense_Mutation,SNP,TCGA-BF-A1PU-01A-11D-A19A-08,c.388C>T,p.R130*,130/403,55,14,41,43b3c51e-1288-469c-b882-d8f2e729d600.wxs.aliquot_ensemble_masked.maf.gz,0.7454545454545455
NRAS,chr1,114713909,114713909,G,T,Missense_Mutation,SNP,TCGA-EE-A185-06A-11D-A196-08,c.181C>A,p.Q61K,61/189,108,11,97,1a41330e-3769-4780-91e1-17a16429e3b8.wxs.aliquot_ensemble_masked.maf.gz,0.8981481481481481
CDKN2A,chr9,21971121,21971121,G,A,Nonsense_Mutation,SNP,TCGA-EE-A185-06A-11D-A196-08,c.238C>T,p.R80*,80/156,96,16,80,1a41330e-3769-4780-91e1-17a16429e3b8.wxs.aliquot_ensemble_masked.maf.gz,0.8333333333333334
BRAF,chr7,140753336,140753336,A,T,Missense_Mutation,SNP,TCGA-DA-A1I0-06A-11D-A20D-08,c.1919T>A,p.V640E,640/806,211,94,117,de2b7283-35ac-455f-9325-ebb68db08ebe.wxs.aliquot_ensemble_masked.maf.gz,0.5545023696682464
BRAF,chr7,140753337,140753337,C,T,Missense_Mutation,SNP,TCGA-DA-A1I0-06A-11D-A20D-08,c.1918G>A,p.V640M,640/806,210,92,118,de2b7283-35ac-455f-9325-ebb68db08ebe.wxs.aliquot_ensemble_masked.maf.gz,0.5619047619047619
NF1,chr17,31352286,31352286,C,T,Missense_Mutation,SNP,TCGA-DA-A1I0-06A-11D-A20D-08,c.7487C>T,p.S2496F,2496/2839,87,71,16,de2b7283-35ac-455f-9325-ebb68db08ebe.wxs.aliquot_ensemble_masked.maf.gz,0.1839080459770115
NRAS,chr1,114713908,114713908,T,C,Missense_Mutation,SNP,TCGA-D9-A4Z3-01A-11D-A25O-08,c.182A>G,p.Q61R,61/189,96,66,30,86a00be1-4aa8-4654-8f54-9d1f0a39fd6c.wxs.aliquot_ensemble_masked.maf.gz,0.3125
NF1,chr17,31229456,31229456,C,T,Silent,SNP,TCGA-D9-A4Z3-01A-11D-A25O-08,c.2841C>T,p.S947=,947/2839,70,47,22,86a00be1-4aa8-4654-8f54-9d1f0a39fd6c.wxs.aliquot_ensemble_masked.maf.gz,0.3142857142857143
BRAF,chr7,140753336,140753336,A,T,Missense_Mutation,SNP,TCGA-EB-A5FP-01A-11D-A27K-08,c.1919T>A,p.V640E,640/806,121,51,70,b5a867e1-549a-4322-bf50-40cd139f3a41.wxs.aliquot_ensemble_masked.maf.gz,0.5785123966942148
BRAF,chr7,140753337,140753337,C,T,Missense_Mutation,SNP,TCGA-EB-A5FP-01A-11D-A27K-08,c.1918G>A,p.V640M,640/806,120,50,70,b5a867e1-549a-4322-bf50-40cd139f3a41.wxs.aliquot_ensemble_masked.maf.gz,0.5833333333333334
TP53,chr17,7674894,7674894,G,A,Nonsense_Mutation,SNP,TCGA-EB-A5FP-01A-11D-A27K-08,c.637C>T,p.R213*,213/393,41,6,35,b5a867e1-549a-4322-bf50-40cd139f3a41.wxs.aliquot_ensemble_masked.maf.gz,0.8536585365853658
NF1,chr17,31336915,31336915,G,C,Splice_Site,SNP,TCGA-XV-A9W2-01A-11D-A397-08,c.6427+1G>C,p.X2143_splice,,63,32,31,f8c96996-d15d-4136-a193-c227a3fe0ed2.wxs.aliquot_ensemble_masked.maf.gz,0.49206349206349204
BRAF,chr7,140753336,140753336,A,T,Missense_Mutation,SNP,TCGA-EB-A3XB-01A-11D-A23B-08,c.1919T>A,p.V640E,640/806,168,95,72,9f15fa46-28a2-4aa0-96a9-ce1c2946a7b1.wxs.aliquot_ensemble_masked.maf.gz,0.42857142857142855
BRAF,chr7,140753337,140753337,C,T,Missense_Mutation,SNP,TCGA-EB-A3XB-01A-11D-A23B-08,c.1918G>A,p.V640M,640/806,168,97,71,9f15fa46-28a2-4aa0-96a9-ce1c2946a7b1.wxs.aliquot_ensemble_masked.maf.gz,0.4226190476190476
NF1,chr17,31259076,31259079,ACAT,-,Frame_Shift_Del,DEL,TCGA-ER-A19T-06A-11D-A19A-08,c.4378_4381del,p.H1460Cfs*8,1459-1460/2839,23,18,5,311f12da-2090-4443-8662-53ede0d838bb.wxs.aliquot_ensemble_masked.maf.gz,0.21739130434782608
